GROUP,PACKAGE,CLASS,INSTRUCTION_MISSED,INSTRUCTION_COVERED,BRANCH_MISSED,BRANCH_COVERED,LINE_MISSED,LINE_COVERED,COMPLEXITY_MISSED,COMPLEXITY_COVERED,METHOD_MISSED,METHOD_COVERED
pertinence_g2_9,edu.uga.miage.m1.polygons.gui,GUIHelper.new WindowAdapter() {...},6,0,0,0,3,0,2,0,2,0
pertinence_g2_9,edu.uga.miage.m1.polygons.gui,JDrawingFrame.ShapeActionListener,3,45,1,3,1,11,1,3,0,2
pertinence_g2_9,edu.uga.miage.m1.polygons.gui,JDrawingFrame,356,306,41,5,91,60,44,8,22,7
pertinence_g2_9,edu.uga.miage.m1.polygons.gui,App,6,0,0,0,3,0,2,0,2,0
pertinence_g2_9,edu.uga.miage.m1.polygons.gui,JDrawingFrame.Shapes,0,27,0,0,0,2,0,1,0,1
pertinence_g2_9,edu.uga.miage.m1.polygons.gui,JDrawingFrame.SecondToolBarBtnListener,259,6,12,0,69,1,11,1,4,1
pertinence_g2_9,edu.uga.miage.m1.polygons.gui,JDrawingFrame.PanelComponentListener,10,6,0,0,6,1,4,1,4,1
pertinence_g2_9,edu.uga.miage.m1.polygons.gui,GUIHelper,28,0,0,0,8,0,1,0,1,0
pertinence_g2_9,edu.uga.miage.m1.polygons.gui.shapes,GroupedShapes,236,0,20,0,67,0,29,0,19,0
pertinence_g2_9,edu.uga.miage.m1.polygons.gui.shapes,Triangle,161,27,10,0,20,9,8,5,3,5
pertinence_g2_9,edu.uga.miage.m1.polygons.gui.shapes,SelectableShape,97,6,2,0,20,2,7,1,6,1
pertinence_g2_9,edu.uga.miage.m1.polygons.gui.shapes,Square,100,27,8,0,13,9,7,5,3,5
pertinence_g2_9,edu.uga.miage.m1.polygons.gui.shapes,Cube,140,0,8,0,25,0,14,0,10,0
pertinence_g2_9,edu.uga.miage.m1.polygons.gui.shapes,SimpleShape.ShapeTypes,0,33,0,0,0,6,0,1,0,1
pertinence_g2_9,edu.uga.miage.m1.polygons.gui.shapes,Circle,100,27,8,0,13,9,7,5,3,5
pertinence_g2_9,edu.uga.miage.m1.polygons.gui.shapes,ShapeFactory,55,0,7,0,12,0,7,0,2,0
pertinence_g2_9,edu.uga.miage.m1.polygons.gui.persistence.command,MoveShapeCommand,21,0,0,0,8,0,2,0,2,0
pertinence_g2_9,edu.uga.miage.m1.polygons.gui.persistence.command,GroupShapeCommand,16,0,0,0,7,0,2,0,2,0
pertinence_g2_9,edu.uga.miage.m1.polygons.gui.persistence.command,Command,25,11,0,0,7,4,3,1,3,1
pertinence_g2_9,edu.uga.miage.m1.polygons.gui.persistence.command,CommandHistory,0,22,0,0,0,7,0,4,0,4
pertinence_g2_9,edu.uga.miage.m1.polygons.gui.persistence.command,AddShapeCommand,8,7,0,0,3,3,1,1,1,1
pertinence_g2_9,edu.uga.miage.m1.polygons.gui.persistence.visitor,XMLVisitor,160,139,2,0,42,36,3,8,2,8
pertinence_g2_9,edu.uga.miage.m1.polygons.gui.persistence.visitor,JSonVisitor,66,49,0,0,20,15,3,6,3,6
